KRS018+1,KRS019+1,KRS020+1,KRS027+1
KRS053+1,KRS054+1,KRS055+1,KRS056+1
KRS058+1,KRS062+1,KRS066+1,KRS130+1
KRS131+1,KRS132+1,KRS134+1,KRS135+1
KRS136+1,KRS165+1,KRS166+1,KRS168+1
KRS170+1,KRS171+1,LCL181+1,LCL230+1
LCL646+1.001,LCL648+1.001,LCL649+1.001,LCL662+1.001
LCL663+1.001,LCL679+1.001,LCL680+1.001,LCL681+1.001
MSC009+1,MSC011+1,SYN001+1,SYN007+1.014
SYN040+1,SYN041+1,SYN044+1,SYN045+1
SYN046+1,SYN047+1,SYN051+1,SYN052+1
SYN053+1,SYN054+1,SYN055+1,SYN057+1
SYN058+1,SYN060+1,SYN061+1,SYN062+1
SYN064+1,SYN068+1,SYN069+1,SYN355+1
SYN358+1,SYN362+1,SYN367+1,SYN373+1
SYN375+1,SYN377+1,SYN378+1,SYN387+1
SYN388+1,SYN389+1,SYN390+1,SYN391+1
SYN392+1,SYN393+1.003,SYN394+1,SYN395+1
SYN396+1,SYN397+1,SYN398+1,SYN399+1
SYN400+1,SYN401+1,SYN402+1,SYN403+1
SYN404+1,SYN405+1,SYN406+1,SYN407+1
SYN408+1,SYN410+1,SYN411+1,SYN416+1
SYN724+1,SYN725+1,SYN915+1,SYN916+1
SYN918+1,SYN920+1,SYN922+1,SYN923+1
SYN924+1,SYN925+1,SYN926+1,SYN927+1
SYN928+1,SYN929+1,SYN930+1,SYN931+1
SYN932+1,SYN933+1,SYN934+1,SYN935+1
SYN936+1,SYN937+1,SYN942+1,SYN951+1
SYN952+1,SYN953+1,SYN955+1,SYN956+1
SYN958+1,SYN959+1,SYN962+1,SYN963+1
SYN964+1,SYN969+1,SYN971+1,SYN974+1
SYN976+1,SYN977+1,SYN978+1,SYN981+1
